CertificateID,CandidateName,GitHubLiveLink
"HS-0001","Mayuri Patil","https://enjoycomputerinstitute.github.io/Certificate/certificates/HS-0001.html"
"HS-0002","Kapil Desai","https://enjoycomputerinstitute.github.io/Certificate/certificates/HS-0002.html"
"HS-0003","Madhurima Shah","https://enjoycomputerinstitute.github.io/Certificate/certificates/HS-0003.html"
"HS-0004","Karan Gupta","https://enjoycomputerinstitute.github.io/Certificate/certificates/HS-0004.html"
"ECI-2526090","Rakesh Aatmaram Shinde","https://enjoycomputerinstitute.github.io/Certificate/certificates/ECI-2526090.html"
"ECI-2526092","Ashwin Kashinath Mahajan","https://enjoycomputerinstitute.github.io/Certificate/certificates/ECI-2526092.html"
"ECI-2526094","Divyesh Patil","https://enjoycomputerinstitute.github.io/Certificate/certificates/ECI-2526094.html"
"ECI-2526095","Vishal Mali","https://enjoycomputerinstitute.github.io/Certificate/certificates/ECI-2526095.html"
"ECI-2526098","Ashwini Sonavane","https://enjoycomputerinstitute.github.io/Certificate/certificates/ECI-2526098.html"
